time,protocol,auvCollectionMedium,energyModel,lowPayloadAtGateway,enableHighFallback,enableMediumFallback,matchHybridQueues,ddnBufferPolicy,nodeIdlePowerW,nodes,sinks,sinkPlacement,trafficLoad,trafficStop,auvSpeedKmh,txPowerMarginDb,ddnEomOffset,ddnDepth,highFallbackTimeout,mediumFallbackTimeout,mediumFallbackRhoMax,generated,gatewayOriginated,reachedDdn,collectedByAuv,delivered,directCriticalToSink,directMediumToSink,directLowToSink,bufferDropped,bufferDroppedHigh,bufferDroppedMedium,bufferDroppedLow,opticalTransfers,opticalAttempted,opticalLost,opticalPending,opticalLossPct,opticalMeanPktSuccess,opticalMeanSnrDb,opticalWaterType,opticalRange,opticalPointingCoherenceSeconds,opticalExtCoeff,acousticTransfers,acousticTxBytes,acousticTxAirtimeS,acousticTxAirtimePct,acousticSourceAttempts,acousticRetransmissions,acousticRetryExhausted,acousticAcks,acousticPending,directSourceAttempts,directRetransmissions,directCyclesExhausted,directAcks,directPending,mobileSourceAttempts,mobileRetransmissions,mobileContactFailures,mobileAcks,mobilePending,auvSurfaceSourceAttempts,auvSurfaceRetransmissions,auvSurfaceContactFailures,auvSurfaceAcks,auvSurfacePending,deadlineExpired,deadlineExpiredHigh,deadlineExpiredMedium,deadlineExpiredLow,highGenerated,mediumGenerated,lowGenerated,highDelivered,mediumDelivered,lowDelivered,highAvgDelay,mediumAvgDelay,lowAvgDelay,highMissRatio,mediumMissRatio,lowMissRatio,highDeadlineMiss,mediumDeadlineMiss,lowDeadlineMiss,energyConsumedJ,highEnergyJ,mediumEnergyJ,lowEnergyJ,bsnEnergyJ,drnEnergyJ,ddnEnergyJ,auvEnergyJ,auvOperationalEnergyJ,submergedEnergyJ,incrementalMissionEnergyJ,sinkEnergyJ,bsnEnergyPct,drnEnergyPct,ddnEnergyPct,auvEnergyPct,sinkEnergyPct,highEnergyMjByte,mediumEnergyMjByte,lowEnergyMjByte,meanDdnBuffered,maxDdnBuffered,meanAuvBuffered,maxAuvBuffered,ddnBuffered,auvBuffered,upstreamPdr,avgDelayAcoustic,pdr,avgDelay,throughputBps,auvX,auvY,auvZ,windowHighGenerated,windowHighDelivered,windowHighCompletionArrivalPct,windowMediumGenerated,windowMediumDelivered,windowMediumCompletionArrivalPct,windowLowGenerated,windowLowDelivered,windowLowCompletionArrivalPct,design,seed,lowPacketSize,acousticMac,missionMode
23450.000000,pure-acoustic,none,hardware,1,0,0,0,fifo,0.000500,180,15,hybrid,0.050000,4000.000000,6.087000,52.000000,500.000000,500.000000,2.000000,120.000000,0.000000,161,108,161,0,161,10,43,108,0,0,0,0,0,0,0,0,0.000000,0.000000,0.000000,clear-ocean,30.000000,60.000000,0.151000,1365,3994581,1024.251538,4.367810,70,17,0,53,0,208,47,0,161,0,0,0,0,0,0,0,0,0,0,0,0,0,0,0,10,43,108,10,43,108,16.893548,14.728473,27.875825,0.000000,0.000000,0.000000,0,0,0,11049.950462,9.029103,135.170282,8795.251077,1685.782525,443.479836,8161.186152,0.000000,0.000000,10290.448513,11049.950462,759.501949,15.256019,4.013410,73.857219,0.000000,6.873352,14.107973,12.279277,3.257500,0.006951,2,0.000000,0,0,0,100.000000,5.033726,100.000000,23.682291,925.082473,9328.374893,0.000000,128.874011,0.0,0.0,0.0,0.0,0.0,0.0,0.0,0.0,0.0,direct_acoustic,1,25000,aloha,batch
23450.000000,pure-acoustic,none,hardware,1,0,0,0,fifo,0.000500,180,15,hybrid,0.050000,4000.000000,6.087000,52.000000,500.000000,500.000000,2.000000,120.000000,0.000000,191,126,191,0,191,20,45,126,0,0,0,0,0,0,0,0,0.000000,0.000000,0.000000,clear-ocean,30.000000,60.000000,0.151000,1639,4827807,1237.899231,5.278888,85,20,0,65,0,253,61,1,191,0,0,0,0,0,0,0,0,0,0,0,0,0,0,0,20,45,126,20,45,126,22.244316,17.108284,32.596517,0.000000,0.000000,0.000000,0,0,0,12919.212154,23.607692,119.967846,10665.136615,1682.194371,441.969067,9876.724613,0.000000,0.000000,12000.888051,12919.212154,918.324103,13.020874,3.421022,76.449899,0.000000,7.108205,18.443510,10.413876,3.385758,0.008316,2,0.000000,0,0,0,100.000000,4.753766,100.000000,27.863457,1078.993603,9328.374893,0.000000,128.874011,0.0,0.0,0.0,0.0,0.0,0.0,0.0,0.0,0.0,direct_acoustic,2,25000,aloha,batch
23450.000000,pure-acoustic,none,hardware,1,0,0,0,fifo,0.000500,180,15,hybrid,0.050000,4000.000000,6.087000,52.000000,500.000000,500.000000,2.000000,120.000000,0.000000,208,132,207,0,207,18,57,132,0,0,0,0,0,0,0,0,0.000000,0.000000,0.000000,clear-ocean,30.000000,60.000000,0.151000,1782,5199798,1333.281538,5.685636,98,22,1,75,0,277,69,1,207,0,0,0,0,0,0,0,0,0,0,0,0,0,0,0,18,58,132,18,57,132,25.858217,18.582310,33.822510,0.000000,1.724138,0.000000,0,0,0,13741.713538,19.228154,158.854308,11453.131077,1698.695345,451.369067,10610.524818,0.000000,0.000000,12760.589231,13741.713538,981.124308,12.361598,3.284664,77.213986,0.000000,7.139752,16.691106,10.886397,3.470646,0.009083,2,0.000000,0,0,0,99.519231,4.123738,99.519231,28.933386,1131.170661,9328.374893,0.000000,128.874011,0.0,0.0,0.0,0.0,0.0,0.0,0.0,0.0,0.0,direct_acoustic,3,25000,aloha,batch
23450.000000,pure-acoustic,none,hardware,1,0,0,0,fifo,0.000500,180,15,hybrid,0.050000,4000.000000,6.087000,52.000000,500.000000,500.000000,2.000000,120.000000,0.000000,208,121,208,0,208,24,63,121,0,0,0,0,0,0,0,0,0.000000,0.000000,0.000000,clear-ocean,30.000000,60.000000,0.151000,1664,4626552,1186.295385,5.058829,111,24,0,87,0,266,56,2,208,0,0,0,0,0,0,0,0,0,0,0,0,0,0,0,24,63,121,24,63,121,23.732532,17.473826,32.216659,0.000000,0.000000,0.000000,0,0,0,12458.037538,24.037154,170.463051,10153.037333,1706.379345,453.874298,9422.800921,0.000000,0.000000,11583.054564,12458.037538,874.982974,13.697016,3.643225,75.636318,0.000000,7.023441,15.649189,10.569386,3.356376,0.009041,2,0.000000,0,0,0,100.000000,4.357107,100.000000,26.772344,1038.009041,9328.374893,0.000000,128.874011,0.0,0.0,0.0,0.0,0.0,0.0,0.0,0.0,0.0,direct_acoustic,4,25000,aloha,batch
23450.000000,pure-acoustic,none,hardware,1,0,0,0,fifo,0.000500,180,15,hybrid,0.050000,4000.000000,6.087000,52.000000,500.000000,500.000000,2.000000,120.000000,0.000000,214,137,214,0,213,20,56,137,0,0,0,0,0,0,0,0,0.000000,0.000000,0.000000,clear-ocean,30.000000,60.000000,0.151000,1783,5151951,1321.013077,5.633318,98,21,0,77,0,276,63,0,213,0,0,0,0,0,0,0,0,0,0,0,1,1,0,0,21,56,137,20,56,137,17.356998,12.345767,34.406484,4.761905,0.000000,0.000000,0,0,0,13648.486974,21.016231,162.404385,11354.566359,1701.825294,453.579529,10506.782459,0.000000,0.000000,12662.187282,13648.486974,986.299692,12.468967,3.323295,76.981298,0.000000,7.226440,16.418930,11.328431,3.315202,0.009296,2,0.000000,0,0,0,100.000000,4.385618,99.532710,27.005593,1173.770917,9328.374893,0.000000,128.874011,0.0,0.0,0.0,0.0,0.0,0.0,0.0,2.0,0.0,direct_acoustic,5,25000,aloha,batch
23450.000000,pure-acoustic,none,hardware,1,0,0,0,fifo,0.000500,180,15,hybrid,0.050000,4000.000000,6.087000,52.000000,500.000000,500.000000,2.000000,120.000000,0.000000,181,120,181,0,181,16,45,120,0,0,0,0,0,0,0,0,0.000000,0.000000,0.000000,clear-ocean,30.000000,60.000000,0.151000,1587,4653747,1193.268462,5.088565,81,20,0,61,0,243,60,2,181,0,0,0,0,0,0,0,0,0,0,0,0,0,0,0,16,45,120,16,45,120,14.855017,12.638361,31.545778,0.000000,0.000000,0.000000,0,0,0,12521.720590,18.977974,127.766923,10264.475692,1690.415012,437.977067,9512.767690,0.000000,0.000000,11641.159769,12521.720590,880.560821,13.499862,3.497739,75.970132,0.000000,7.032267,18.533178,11.090879,3.421492,0.007889,2,0.000000,0,0,0,100.000000,5.078850,100.000000,25.369612,1027.733561,9328.374893,0.000000,128.874011,0.0,0.0,0.0,0.0,0.0,0.0,0.0,0.0,0.0,direct_acoustic,6,25000,aloha,batch
23450.000000,pure-acoustic,none,hardware,1,0,0,0,fifo,0.000500,180,15,hybrid,0.050000,4000.000000,6.087000,52.000000,500.000000,500.000000,2.000000,120.000000,0.000000,184,114,184,0,184,21,49,114,0,0,0,0,0,0,0,0,0.000000,0.000000,0.000000,clear-ocean,30.000000,60.000000,0.151000,1657,4742433,1216.008462,5.185537,101,31,0,70,0,254,68,2,184,0,0,0,0,0,0,0,0,0,0,0,0,0,0,0,21,49,114,21,49,114,23.720127,17.092147,30.004292,0.000000,0.000000,0.000000,0,0,0,12707.898949,21.669256,148.687846,10427.041846,1702.777781,444.874298,9672.065741,0.000000,0.000000,11819.717821,12707.898949,888.181128,13.399365,3.500770,76.110660,0.000000,6.989205,16.122959,11.853304,3.658611,0.007974,2,0.000000,0,0,0,100.000000,6.540231,100.000000,25.848517,977.019360,9328.374893,0.000000,128.874011,0.0,0.0,0.0,0.0,0.0,0.0,0.0,0.0,0.0,direct_acoustic,7,25000,aloha,batch
23450.000000,pure-acoustic,none,hardware,1,0,0,0,fifo,0.000500,180,15,hybrid,0.050000,4000.000000,6.087000,52.000000,500.000000,500.000000,2.000000,120.000000,0.000000,205,130,205,0,205,23,52,130,0,0,0,0,0,0,0,0,0.000000,0.000000,0.000000,clear-ocean,30.000000,60.000000,0.151000,1820,5273604,1352.206154,5.766338,98,23,0,75,0,281,74,2,205,0,0,0,0,0,0,0,0,0,0,0,0,0,0,0,23,52,130,23,52,130,23.849271,23.585118,40.729241,0.000000,0.000000,0.000000,0,0,0,13903.357615,27.113923,144.247897,11621.495795,1703.792345,441.241682,10764.637229,0.000000,0.000000,12909.671256,13903.357615,993.686359,12.254539,3.173634,77.424731,0.000000,7.147096,18.419785,10.835930,3.575845,0.009126,2,0.000000,0,0,0,100.000000,4.764359,100.000000,34.486638,1113.785586,9328.374893,0.000000,128.874011,0.0,0.0,0.0,0.0,2.0,0.0,0.0,3.0,0.0,direct_acoustic,8,25000,aloha,batch
23450.000000,pure-acoustic,none,hardware,1,0,0,0,fifo,0.000500,180,15,hybrid,0.050000,4000.000000,6.087000,52.000000,500.000000,500.000000,2.000000,120.000000,0.000000,190,126,189,0,189,19,44,126,0,0,0,0,0,0,0,0,0.000000,0.000000,0.000000,clear-ocean,30.000000,60.000000,0.151000,1874,5623194,1441.844615,6.148591,90,26,1,63,0,283,90,4,189,0,0,0,0,0,0,0,0,0,0,0,0,0,0,0,19,45,126,19,44,126,13.382966,41.164835,50.297968,0.000000,2.222222,0.000000,0,0,0,14665.744282,17.919974,144.604923,12392.719385,1697.217576,446.300144,11484.461639,0.000000,0.000000,13627.979359,14665.744282,1037.764923,11.572666,3.043147,78.308072,0.000000,7.076115,14.736821,12.837795,3.934197,0.008401,2,0.000000,0,0,0,99.473684,5.533365,99.473684,44.460704,1078.884435,9328.374893,0.000000,128.874011,0.0,1.0,0.0,0.0,1.0,0.0,0.0,2.0,0.0,direct_acoustic,9,25000,aloha,batch
23450.000000,pure-acoustic,none,hardware,1,0,0,0,fifo,0.000500,180,15,hybrid,0.050000,4000.000000,6.087000,52.000000,500.000000,500.000000,2.000000,120.000000,0.000000,197,125,197,0,197,18,54,125,0,0,0,0,0,0,0,0,0.000000,0.000000,0.000000,clear-ocean,30.000000,60.000000,0.151000,1736,5047848,1294.320000,5.519488,97,25,0,72,0,268,70,1,197,0,0,0,0,0,0,0,0,0,0,0,0,0,0,0,18,54,125,18,54,125,24.900286,16.805860,33.892222,0.000000,0.000000,0.000000,0,0,0,13398.338154,17.740077,158.060333,11112.037744,1701.614730,448.620759,10297.105331,0.000000,0.000000,12447.340821,13398.338154,950.997333,12.700192,3.348331,76.853601,0.000000,7.097875,15.399372,11.433763,3.555852,0.008571,2,0.000000,0,0,0,100.000000,5.323856,100.000000,28.387053,1071.207164,9328.374893,0.000000,128.874011,0.0,0.0,0.0,0.0,2.0,0.0,0.0,3.0,0.0,direct_acoustic,10,25000,aloha,batch
23450.000000,pure-acoustic,none,hardware,1,0,0,0,fifo,0.000500,180,15,hybrid,0.050000,4000.000000,6.087000,52.000000,500.000000,500.000000,2.000000,120.000000,0.000000,193,110,192,0,192,23,59,110,0,0,0,0,0,0,0,0,0.000000,0.000000,0.000000,clear-ocean,30.000000,60.000000,0.151000,1565,4247493,1089.100769,4.644353,108,25,1,82,0,246,52,2,192,0,0,0,0,0,0,0,0,0,0,0,0,0,0,0,23,60,110,23,59,110,17.031504,16.438268,27.748987,0.000000,1.666667,0.000000,0,0,0,11605.172538,25.703923,166.351179,9302.617436,1712.462243,448.762298,8641.716613,0.000000,0.000000,10802.941154,11605.172538,802.231385,14.756026,3.866916,74.464353,0.000000,6.912705,17.461904,11.013717,3.382770,0.008358,2,0.000000,0,0,0,99.481865,4.223381,99.481865,22.989432,943.821237,9328.374893,0.000000,128.874011,0.0,0.0,0.0,0.0,0.0,0.0,0.0,1.0,0.0,direct_acoustic,11,25000,aloha,batch
23450.000000,pure-acoustic,none,hardware,1,0,0,0,fifo,0.000500,180,15,hybrid,0.050000,4000.000000,6.087000,52.000000,500.000000,500.000000,2.000000,120.000000,0.000000,202,118,201,0,201,15,68,118,0,0,0,0,0,0,0,0,0.000000,0.000000,0.000000,clear-ocean,30.000000,60.000000,0.151000,1758,4918590,1261.176923,5.378153,116,32,1,83,0,273,70,2,201,0,0,0,0,0,0,0,0,0,0,0,0,0,0,0,15,69,118,15,68,118,21.342710,18.864274,31.498345,0.000000,1.449275,0.000000,0,0,0,13101.073923,14.324487,206.058256,10770.191179,1717.371217,467.740144,9994.414870,0.000000,0.000000,12179.526231,13101.073923,921.547692,13.108629,3.570243,76.286989,0.000000,7.034139,14.921341,11.836986,3.650912,0.008827,2,0.000000,0,0,0,99.504950,5.360917,99.504950,26.466248,1012.662857,9328.374893,0.000000,128.874011,0.0,0.0,0.0,0.0,0.0,0.0,0.0,0.0,0.0,direct_acoustic,12,25000,aloha,batch
23450.000000,pure-acoustic,none,hardware,1,0,0,0,fifo,0.000500,180,15,hybrid,0.050000,4000.000000,6.087000,52.000000,500.000000,500.000000,2.000000,120.000000,0.000000,184,98,184,0,184,26,60,98,0,0,0,0,0,0,0,0,0.000000,0.000000,0.000000,clear-ocean,30.000000,60.000000,0.151000,1468,3821268,979.812308,4.178304,111,25,0,86,0,233,49,0,184,0,0,0,0,0,0,0,0,0,0,0,0,0,0,0,26,60,98,26,60,98,16.432106,13.984599,28.473807,0.000000,0.000000,0.000000,0,0,0,10650.553026,29.587205,169.492692,8340.973128,1716.728679,449.720452,7761.417536,0.000000,0.000000,9927.866667,10650.553026,722.686359,16.118681,4.222508,72.873376,0.000000,6.785435,17.780772,11.034680,3.404479,0.007974,2,0.000000,0,0,0,100.000000,4.574203,100.000000,22.047521,841.628657,9328.374893,0.000000,128.874011,0.0,0.0,0.0,0.0,0.0,0.0,0.0,0.0,0.0,direct_acoustic,13,25000,aloha,batch
23450.000000,pure-acoustic,none,hardware,1,0,0,0,fifo,0.000500,180,15,hybrid,0.050000,4000.000000,6.087000,52.000000,500.000000,500.000000,2.000000,120.000000,0.000000,225,145,225,0,225,24,56,145,0,0,0,0,0,0,0,0,0.000000,0.000000,0.000000,clear-ocean,30.000000,60.000000,0.151000,1989,5716605,1465.796154,6.250730,114,34,0,80,0,303,76,2,225,0,0,0,0,0,0,0,0,0,0,0,0,0,0,0,24,56,145,24,56,145,20.117851,25.017467,35.278565,0.000000,0.000000,0.000000,0,0,0,14891.604256,28.602795,170.664128,12581.837333,1707.406986,462.085375,11649.506972,0.000000,0.000000,13818.999333,14891.604256,1072.604923,11.465568,3.102993,78.228690,0.000000,7.202749,18.621611,11.904585,3.470852,0.009893,2,0.000000,0,0,0,100.000000,6.344433,100.000000,31.107549,1242.088529,9328.374893,0.000000,128.874011,0.0,0.0,0.0,0.0,0.0,0.0,0.0,0.0,0.0,direct_acoustic,14,25000,aloha,batch
23450.000000,pure-acoustic,none,hardware,1,0,0,0,fifo,0.000500,180,15,hybrid,0.050000,4000.000000,6.087000,52.000000,500.000000,500.000000,2.000000,120.000000,0.000000,201,122,200,0,200,16,62,122,0,0,0,0,0,0,0,0,0.000000,0.000000,0.000000,clear-ocean,30.000000,60.000000,0.151000,1681,4731921,1213.313077,5.174043,112,33,1,78,0,261,59,2,200,0,0,0,0,0,0,0,0,0,0,0,0,0,0,0,16,63,122,16,62,122,12.019646,20.683113,34.008326,0.000000,1.587302,0.000000,0,0,0,12690.408769,15.926821,186.166974,10377.814974,1706.853345,464.282298,9627.527485,0.000000,0.000000,11798.663128,12690.408769,891.745641,13.449948,3.658529,75.864597,0.000000,7.026926,15.553536,11.729270,3.402562,0.008699,2,0.000000,0,0,0,99.502488,5.833810,99.502488,28.118415,1046.275821,9328.374893,0.000000,128.874011,0.0,0.0,0.0,0.0,0.0,0.0,0.0,0.0,0.0,direct_acoustic,15,25000,aloha,batch
23450.000000,pure-acoustic,none,hardware,1,0,0,0,fifo,0.000500,180,15,hybrid,0.050000,4000.000000,6.087000,52.000000,500.000000,500.000000,2.000000,120.000000,0.000000,200,117,200,0,200,20,63,117,0,0,0,0,0,0,0,0,0.000000,0.000000,0.000000,clear-ocean,30.000000,60.000000,0.151000,1597,4404117,1129.260769,4.815611,103,20,0,83,0,253,51,2,200,0,0,0,0,0,0,0,0,0,0,0,0,0,0,0,20,63,117,20,63,117,20.237802,10.925520,25.623036,0.000000,0.000000,0.000000,0,0,0,11954.653744,17.844872,184.581487,9641.727385,1715.532986,453.788144,8955.026972,0.000000,0.000000,11124.348103,11954.653744,830.305641,14.350336,3.795912,74.908292,0.000000,6.945460,13.941306,11.444785,3.296317,0.008785,2,0.000000,0,0,0,100.000000,3.966537,100.000000,20.454795,1003.806567,9328.374893,0.000000,128.874011,0.0,0.0,0.0,0.0,0.0,0.0,0.0,0.0,0.0,direct_acoustic,16,25000,aloha,batch
23450.000000,pure-acoustic,none,hardware,1,0,0,0,fifo,0.000500,180,15,hybrid,0.050000,4000.000000,6.087000,52.000000,500.000000,500.000000,2.000000,120.000000,0.000000,208,135,208,0,208,14,59,135,0,0,0,0,0,0,0,0,0.000000,0.000000,0.000000,clear-ocean,30.000000,60.000000,0.151000,1831,5402511,1385.259231,5.907289,95,22,0,73,0,283,74,1,208,0,0,0,0,0,0,0,0,0,0,0,0,0,0,0,14,59,135,14,59,135,33.545005,19.249981,40.724004,7.142857,0.000000,0.000000,1,0,0,14199.344231,16.764846,161.528615,11910.550769,1699.687474,450.538298,11025.580408,0.000000,0.000000,13175.806179,14199.344231,1023.538051,11.970183,3.172951,77.648518,0.000000,7.208347,18.710766,10.694426,3.529052,0.009041,2,0.000000,0,0,0,100.000000,4.703863,100.000000,34.149613,1156.844350,9328.374893,0.000000,128.874011,0.0,0.0,0.0,0.0,0.0,0.0,0.0,0.0,0.0,direct_acoustic,17,25000,aloha,batch
23450.000000,pure-acoustic,none,hardware,1,0,0,0,fifo,0.000500,180,15,hybrid,0.050000,4000.000000,6.087000,52.000000,500.000000,500.000000,2.000000,120.000000,0.000000,186,110,186,0,186,19,57,110,0,0,0,0,0,0,0,0,0.000000,0.000000,0.000000,clear-ocean,30.000000,60.000000,0.151000,1540,4152420,1064.723077,4.540397,106,30,0,76,0,237,50,1,186,0,0,0,0,0,0,0,0,0,0,0,0,0,0,0,19,57,110,19,57,110,8.319617,13.835663,25.034748,0.000000,0.000000,0.000000,0,0,0,11394.620436,19.689846,184.952846,9079.477744,1713.781320,461.794913,8432.874357,0.000000,0.000000,10608.450590,11394.620436,786.169846,15.040267,4.052745,74.007506,0.000000,6.899483,16.192308,12.674948,3.301628,0.008017,2,0.000000,0,0,0,100.000000,5.959440,100.000000,19.895311,943.559232,9328.374893,0.000000,128.874011,0.0,0.0,0.0,0.0,0.0,0.0,0.0,3.0,0.0,direct_acoustic,18,25000,aloha,batch
23450.000000,pure-acoustic,none,hardware,1,0,0,0,fifo,0.000500,180,15,hybrid,0.050000,4000.000000,6.087000,52.000000,500.000000,500.000000,2.000000,120.000000,0.000000,191,112,191,0,191,27,52,112,0,0,0,0,0,0,0,0,0.000000,0.000000,0.000000,clear-ocean,30.000000,60.000000,0.151000,1741,4759701,1220.436154,5.204419,116,37,0,79,0,264,68,5,191,0,0,0,0,0,0,0,0,0,0,0,0,0,0,0,27,52,112,27,52,112,23.970780,29.243804,38.081989,0.000000,0.000000,0.000000,0,0,0,12721.314667,30.150564,172.650154,10408.013949,1720.281704,454.967836,9676.297947,0.000000,0.000000,11851.547487,12721.314667,869.767179,13.522830,3.576422,76.063663,0.000000,6.837086,17.448243,12.969513,3.717148,0.008486,2,0.000000,0,0,0,100.000000,6.909460,100.000000,33.681003,960.354797,9328.374893,0.000000,128.874011,0.0,0.0,0.0,0.0,0.0,0.0,0.0,0.0,0.0,direct_acoustic,19,25000,aloha,batch
23450.000000,pure-acoustic,none,hardware,1,0,0,0,fifo,0.000500,180,15,hybrid,0.050000,4000.000000,6.087000,52.000000,500.000000,500.000000,2.000000,120.000000,0.000000,198,127,198,0,196,15,54,127,0,0,0,0,0,0,0,0,0.000000,0.000000,0.000000,clear-ocean,30.000000,60.000000,0.151000,1796,5227164,1340.298462,5.715558,93,22,0,71,0,273,73,4,196,0,0,0,0,0,0,0,0,0,0,0,2,2,0,0,17,54,127,15,54,127,34.464793,22.804075,40.181587,11.764706,0.000000,0.000000,0,0,0,13788.012846,19.439513,161.271077,11496.802256,1703.236294,451.916144,10660.363588,0.000000,0.000000,12815.516026,13788.012846,972.496821,12.353022,3.277602,77.316171,0.000000,7.053205,20.249493,11.666021,3.621040,0.008699,2,0.000000,0,0,0,100.000000,4.884220,98.989899,34.956396,1088.199232,9328.374893,0.000000,128.874011,0.0,0.0,0.0,0.0,0.0,0.0,0.0,0.0,0.0,direct_acoustic,20,25000,aloha,batch
23450.000000,pure-acoustic,none,hardware,1,0,0,1,priority,0.000500,180,15,hybrid,0.050000,4000.000000,6.087000,52.000000,500.000000,500.000000,2.000000,120.000000,0.000000,161,108,161,0,161,10,43,108,0,0,0,0,0,0,0,0,0.000000,0.000000,0.000000,clear-ocean,30.000000,60.000000,0.151000,1396,4165860,1068.169231,4.555093,65,12,0,53,0,215,53,1,161,0,0,0,0,0,0,0,0,0,0,0,0,0,0,0,10,43,108,10,43,108,10.134802,11.617074,30.083461,0.000000,0.000000,0.000000,0,0,0,11434.780231,9.502949,125.308359,9189.468923,1677.931063,441.943221,8524.281536,0.000000,0.000000,10644.155821,11434.780231,790.624410,14.673925,3.864903,74.546964,0.000000,6.914207,14.848357,11.383390,3.403507,0.076546,5,0.000000,0,0,0,100.000000,3.868719,100.000000,23.912397,925.082473,9328.374893,0.000000,128.874011,0.0,0.0,0.0,0.0,0.0,0.0,0.0,0.0,0.0,direct_acoustic_priority,1,25000,aloha,batch
23450.000000,pure-acoustic,none,hardware,1,0,0,1,priority,0.000500,180,15,hybrid,0.050000,4000.000000,6.087000,52.000000,500.000000,500.000000,2.000000,120.000000,0.000000,191,126,191,0,191,20,45,126,0,0,0,0,0,0,0,0,0.000000,0.000000,0.000000,clear-ocean,30.000000,60.000000,0.151000,1672,5002176,1282.609231,5.469549,81,16,0,65,0,261,66,4,191,0,0,0,0,0,0,0,0,0,0,0,0,0,0,0,20,45,126,20,45,126,11.624917,14.702561,36.053600,0.000000,0.000000,0.000000,0,0,0,13295.251154,21.604615,116.807462,11046.339077,1680.483217,437.907529,10240.429229,0.000000,0.000000,12358.819974,13295.251154,936.431179,12.639725,3.293714,77.023210,0.000000,7.043351,16.878606,10.139537,3.506774,0.123497,6,0.000000,0,0,0,100.000000,3.927769,100.000000,28.465273,1078.993603,9328.374893,0.000000,128.874011,0.0,0.0,0.0,0.0,0.0,0.0,0.0,1.0,0.0,direct_acoustic_priority,2,25000,aloha,batch
23450.000000,pure-acoustic,none,hardware,1,0,0,1,priority,0.000500,180,15,hybrid,0.050000,4000.000000,6.087000,52.000000,500.000000,500.000000,2.000000,120.000000,0.000000,208,132,207,0,207,18,57,132,0,0,0,0,0,0,0,0,0.000000,0.000000,0.000000,clear-ocean,30.000000,60.000000,0.151000,1846,5334270,1367.761538,5.832672,111,35,1,75,0,282,72,3,207,0,0,0,0,0,0,0,0,0,0,0,0,0,0,0,18,58,132,18,57,132,28.291338,17.143498,33.462742,0.000000,1.724138,0.000000,0,0,0,14026.312462,19.828538,172.371615,11723.612308,1706.307807,457.874298,10869.878664,0.000000,0.000000,13034.060769,14026.312462,992.251692,12.165049,3.264395,77.496339,0.000000,7.074216,17.212273,11.812748,3.552610,0.128017,8,0.000000,0,0,0,99.519231,6.336291,99.519231,28.519350,1131.170661,9328.374893,0.000000,128.874011,0.0,0.0,0.0,0.0,0.0,0.0,0.0,0.0,0.0,direct_acoustic_priority,3,25000,aloha,batch
23450.000000,pure-acoustic,none,hardware,1,0,0,1,priority,0.000500,180,15,hybrid,0.050000,4000.000000,6.087000,52.000000,500.000000,500.000000,2.000000,120.000000,0.000000,208,121,206,0,206,24,61,121,0,0,0,0,0,0,0,0,0.000000,0.000000,0.000000,clear-ocean,30.000000,60.000000,0.151000,1800,5016408,1286.258462,5.485111,118,31,2,85,0,280,73,1,206,0,0,0,0,0,0,0,0,0,0,0,0,0,0,0,24,63,121,24,61,121,14.033191,16.668798,37.944528,0.000000,3.174603,0.000000,0,0,0,13312.606641,22.890231,188.227692,10990.988718,1721.523627,456.196144,10200.201536,0.000000,0.000000,12377.921308,13312.606641,934.685333,12.931529,3.426798,76.620618,0.000000,7.021054,14.902494,12.053515,3.633385,0.137356,7,0.000000,0,0,0,99.038462,4.614164,99.038462,28.858646,1037.834371,9328.374893,0.000000,128.874011,0.0,0.0,0.0,0.0,0.0,0.0,0.0,0.0,0.0,direct_acoustic_priority,4,25000,aloha,batch
23450.000000,pure-acoustic,none,hardware,1,0,0,1,priority,0.000500,180,15,hybrid,0.050000,4000.000000,6.087000,52.000000,500.000000,500.000000,2.000000,120.000000,0.000000,214,137,213,0,213,20,56,137,0,0,0,0,0,0,0,0,0.000000,0.000000,0.000000,clear-ocean,30.000000,60.000000,0.151000,1915,5513379,1413.686923,6.028516,108,31,1,76,0,290,76,1,213,0,0,0,0,0,0,0,0,0,0,0,0,0,0,0,21,56,137,20,56,137,18.401237,13.255000,42.938840,4.761905,0.000000,0.000000,0,0,0,14447.607026,23.580897,172.974538,12140.551590,1708.705550,459.866913,11232.940408,0.000000,0.000000,13401.512872,14447.607026,1046.094154,11.826910,3.182997,77.749487,0.000000,7.240605,18.422576,12.065746,3.544687,0.173006,8,0.000000,0,0,0,99.532710,5.671202,99.532710,32.830637,1173.770917,9328.374893,0.000000,128.874011,0.0,0.0,0.0,0.0,0.0,0.0,0.0,0.0,0.0,direct_acoustic_priority,5,25000,aloha,batch
23450.000000,pure-acoustic,none,hardware,1,0,0,1,priority,0.000500,180,15,hybrid,0.050000,4000.000000,6.087000,52.000000,500.000000,500.000000,2.000000,120.000000,0.000000,181,120,181,0,181,16,45,120,0,0,0,0,0,0,0,0,0.000000,0.000000,0.000000,clear-ocean,30.000000,60.000000,0.151000,1598,4678302,1199.564615,5.115414,84,23,0,61,0,243,61,1,181,0,0,0,0,0,0,0,0,0,0,0,0,0,0,0,16,45,120,16,45,120,18.354771,11.783145,29.774630,0.000000,0.000000,0.000000,0,0,0,12584.456821,20.719897,124.065846,10329.171077,1690.878012,435.770298,9564.423075,0.000000,0.000000,11691.071385,12584.456821,893.385436,13.436242,3.462766,76.001874,0.000000,7.099118,20.234275,10.769605,3.443057,0.083241,6,0.000000,0,0,0,100.000000,5.728426,100.000000,24.292118,1027.733561,9328.374893,0.000000,128.874011,0.0,0.0,0.0,0.0,0.0,0.0,0.0,0.0,0.0,direct_acoustic_priority,6,25000,aloha,batch
23450.000000,pure-acoustic,none,hardware,1,0,0,1,priority,0.000500,180,15,hybrid,0.050000,4000.000000,6.087000,52.000000,500.000000,500.000000,2.000000,120.000000,0.000000,184,114,184,0,184,21,49,114,0,0,0,0,0,0,0,0,0.000000,0.000000,0.000000,clear-ocean,30.000000,60.000000,0.151000,1595,4468155,1145.680769,4.885632,107,37,0,70,0,243,58,1,184,0,0,0,0,0,0,0,0,0,0,0,0,0,0,0,21,49,114,21,49,114,12.478240,16.662122,30.841032,0.000000,0.000000,0.000000,0,0,0,12103.841026,22.156564,154.902000,9816.282462,1706.798627,447.554913,9101.487280,0.000000,0.000000,11255.840821,12103.841026,848.000205,14.101297,3.697627,75.195033,0.000000,7.006042,16.485539,12.348693,3.444310,0.087846,5,0.000000,0,0,0,100.000000,7.677529,100.000000,24.969373,977.019360,9328.374893,0.000000,128.874011,0.0,0.0,0.0,0.0,1.0,0.0,0.0,1.0,0.0,direct_acoustic_priority,7,25000,aloha,batch
23450.000000,pure-acoustic,none,hardware,1,0,0,1,priority,0.000500,180,15,hybrid,0.050000,4000.000000,6.087000,52.000000,500.000000,500.000000,2.000000,120.000000,0.000000,205,130,205,0,205,23,52,130,0,0,0,0,0,0,0,0,0.000000,0.000000,0.000000,clear-ocean,30.000000,60.000000,0.151000,1823,5271999,1351.794615,5.764583,100,25,0,75,0,280,74,1,205,0,0,0,0,0,0,0,0,0,0,0,0,0,0,0,23,52,130,23,52,130,14.400161,10.234646,41.793410,0.000000,0.000000,0.000000,0,0,0,13898.125308,29.232769,139.442590,11618.949949,1701.715115,441.241682,10764.027998,0.000000,0.000000,12906.984795,13898.125308,991.140513,12.244206,3.174829,77.449496,0.000000,7.131469,19.859218,10.474954,3.575062,0.148913,9,0.000000,0,0,0,100.000000,5.099955,100.000000,30.714871,1113.785586,9328.374893,0.000000,128.874011,0.0,0.0,0.0,0.0,2.0,0.0,0.0,3.0,0.0,direct_acoustic_priority,8,25000,aloha,batch
23450.000000,pure-acoustic,none,hardware,1,0,0,1,priority,0.000500,180,15,hybrid,0.050000,4000.000000,6.087000,52.000000,500.000000,500.000000,2.000000,120.000000,0.000000,190,126,190,0,190,19,45,126,0,0,0,0,0,0,0,0,0.000000,0.000000,0.000000,clear-ocean,30.000000,60.000000,0.151000,1727,5137239,1317.240769,5.617231,84,20,0,64,0,264,70,4,190,0,0,0,0,0,0,0,0,0,0,0,0,0,0,0,19,45,126,19,45,126,8.269188,15.386876,40.066412,0.000000,0.000000,0.000000,0,0,0,13583.279128,19.085744,133.097077,11320.596308,1694.015397,438.989375,10498.994152,0.000000,0.000000,12631.998923,13583.279128,951.280205,12.471329,3.231837,77.293517,0.000000,7.003318,15.695513,11.553566,3.593840,0.137484,7,0.000000,0,0,0,100.000000,4.850055,100.000000,31.041536,1078.971770,9328.374893,0.000000,128.874011,0.0,0.0,0.0,0.0,0.0,0.0,0.0,0.0,0.0,direct_acoustic_priority,9,25000,aloha,batch
23450.000000,pure-acoustic,none,hardware,1,0,0,1,priority,0.000500,180,15,hybrid,0.050000,4000.000000,6.087000,52.000000,500.000000,500.000000,2.000000,120.000000,0.000000,197,125,197,0,197,18,54,125,0,0,0,0,0,0,0,0,0.000000,0.000000,0.000000,clear-ocean,30.000000,60.000000,0.151000,1665,4889241,1253.651538,5.346062,88,16,0,72,0,262,63,2,197,0,0,0,0,0,0,0,0,0,0,0,0,0,0,0,18,54,125,18,54,125,14.843510,9.473573,32.919904,0.000000,0.000000,0.000000,0,0,0,13048.075077,16.143538,147.497795,10773.933744,1694.620576,443.455836,9985.880716,0.000000,0.000000,12123.957128,13048.075077,924.117949,12.987514,3.398630,76.531447,0.000000,7.082408,14.013488,10.669690,3.447659,0.104478,8,0.000000,0,0,0,100.000000,3.682672,100.000000,24.841341,1071.207164,9328.374893,0.000000,128.874011,0.0,0.0,0.0,0.0,0.0,0.0,0.0,2.0,0.0,direct_acoustic_priority,10,25000,aloha,batch
23450.000000,pure-acoustic,none,hardware,1,0,0,1,priority,0.000500,180,15,hybrid,0.050000,4000.000000,6.087000,52.000000,500.000000,500.000000,2.000000,120.000000,0.000000,193,110,193,0,193,23,60,110,0,0,0,0,0,0,0,0,0.000000,0.000000,0.000000,clear-ocean,30.000000,60.000000,0.151000,1492,4040148,1035.935385,4.417635,103,20,0,83,0,239,43,3,193,0,0,0,0,0,0,0,0,0,0,0,0,0,0,0,23,60,110,23,60,110,6.896138,8.639383,23.754349,0.000000,0.000000,0.000000,0,0,0,11142.862513,25.973154,158.632846,8847.756513,1703.935602,449.100759,8227.395793,0.000000,0.000000,10380.432154,11142.862513,762.430359,15.291722,4.030389,73.835568,0.000000,6.842320,17.644806,10.327659,3.217366,0.054243,6,0.000000,0,0,0,100.000000,3.865944,100.000000,17.046386,943.908571,9328.374893,0.000000,128.874011,0.0,0.0,0.0,0.0,0.0,0.0,0.0,1.0,0.0,direct_acoustic_priority,11,25000,aloha,batch
23450.000000,pure-acoustic,none,hardware,1,0,0,1,priority,0.000500,180,15,hybrid,0.050000,4000.000000,6.087000,52.000000,500.000000,500.000000,2.000000,120.000000,0.000000,202,118,202,0,202,15,69,118,0,0,0,0,0,0,0,0,0.000000,0.000000,0.000000,clear-ocean,30.000000,60.000000,0.151000,1751,4893687,1254.791538,5.350923,112,28,0,84,0,273,70,1,202,0,0,0,0,0,0,0,0,0,0,0,0,0,0,0,15,69,118,15,69,118,13.543307,14.740801,29.372919,0.000000,0.000000,0.000000,0,0,0,13050.502282,14.028333,207.653538,10718.320410,1717.200191,468.471221,9943.189434,0.000000,0.000000,12128.860846,13050.502282,921.641436,13.158116,3.589680,76.190090,0.000000,7.062115,14.612847,11.755748,3.633329,0.085373,7,0.000000,0,0,0,100.000000,5.141949,100.000000,23.199353,1012.750192,9328.374893,0.000000,128.874011,0.0,0.0,0.0,0.0,0.0,0.0,0.0,0.0,0.0,direct_acoustic_priority,12,25000,aloha,batch
23450.000000,pure-acoustic,none,hardware,1,0,0,1,priority,0.000500,180,15,hybrid,0.050000,4000.000000,6.087000,52.000000,500.000000,500.000000,2.000000,120.000000,0.000000,184,98,184,0,184,26,60,98,0,0,0,0,0,0,0,0,0.000000,0.000000,0.000000,clear-ocean,30.000000,60.000000,0.151000,1450,3768738,966.343077,4.120866,113,27,0,86,0,231,45,2,184,0,0,0,0,0,0,0,0,0,0,0,0,0,0,0,26,60,98,26,60,98,12.197564,11.644091,32.500708,0.000000,0.000000,0.000000,0,0,0,10525.056795,30.357205,164.321846,8219.877744,1716.545063,445.503221,7657.675998,0.000000,0.000000,9819.724282,10525.056795,705.332513,16.309129,4.232787,72.756624,0.000000,6.701460,18.243513,10.698037,3.355052,0.091727,8,0.000000,0,0,0,100.000000,4.854016,100.000000,22.830715,841.628657,9328.374893,0.000000,128.874011,0.0,0.0,0.0,0.0,0.0,0.0,0.0,0.0,0.0,direct_acoustic_priority,13,25000,aloha,batch
23450.000000,pure-acoustic,none,hardware,1,0,0,1,priority,0.000500,180,15,hybrid,0.050000,4000.000000,6.087000,52.000000,500.000000,500.000000,2.000000,120.000000,0.000000,225,145,225,0,225,24,56,145,0,0,0,0,0,0,0,0,0.000000,0.000000,0.000000,clear-ocean,30.000000,60.000000,0.151000,2048,5969472,1530.633846,6.527223,111,31,0,80,0,312,81,6,225,0,0,0,0,0,0,0,0,0,0,0,0,0,0,0,24,56,145,24,56,145,16.843733,20.485519,40.805411,0.000000,0.000000,0.000000,0,0,0,15437.142872,25.355872,173.862590,13127.424410,1707.615756,462.437375,12167.605434,0.000000,0.000000,14337.658564,15437.142872,1099.484308,11.061734,2.995615,78.820320,0.000000,7.122330,16.507729,12.127692,3.621358,0.181706,9,0.000000,0,0,0,100.000000,5.820161,100.000000,33.192103,1242.088529,9328.374893,0.000000,128.874011,0.0,0.0,0.0,0.0,0.0,0.0,0.0,0.0,0.0,direct_acoustic_priority,14,25000,aloha,batch
23450.000000,pure-acoustic,none,hardware,1,0,0,1,priority,0.000500,180,15,hybrid,0.050000,4000.000000,6.087000,52.000000,500.000000,500.000000,2.000000,120.000000,0.000000,201,122,200,0,200,16,62,122,0,0,0,0,0,0,0,0,0.000000,0.000000,0.000000,clear-ocean,30.000000,60.000000,0.151000,1593,4472937,1146.906923,4.890861,103,24,1,78,0,251,50,1,200,0,0,0,0,0,0,0,0,0,0,0,0,0,0,0,16,63,122,16,62,122,6.934410,11.428235,34.447731,0.000000,1.587302,0.000000,0,0,0,12125.906923,16.785667,174.507821,9824.113436,1701.373653,458.961682,9108.819793,0.000000,0.000000,11269.155128,12125.906923,856.751795,14.030898,3.784968,75.118668,0.000000,7.065466,16.392253,10.994696,3.221021,0.118934,9,0.000000,0,0,0,99.502488,4.305854,99.502488,25.110622,1046.275821,9328.374893,0.000000,128.874011,0.0,0.0,0.0,0.0,0.0,0.0,0.0,0.0,0.0,direct_acoustic_priority,15,25000,aloha,batch
23450.000000,pure-acoustic,none,hardware,1,0,0,1,priority,0.000500,180,15,hybrid,0.050000,4000.000000,6.087000,52.000000,500.000000,500.000000,2.000000,120.000000,0.000000,200,117,199,0,199,20,62,117,0,0,0,0,0,0,0,0,0.000000,0.000000,0.000000,clear-ocean,30.000000,60.000000,0.151000,1650,4512882,1157.149231,4.934538,109,26,1,82,0,256,57,0,199,0,0,0,0,0,0,0,0,0,0,0,0,0,0,0,20,63,117,20,62,117,11.625421,14.151553,26.541652,0.000000,1.587302,0.000000,0,0,0,12203.185692,17.675256,197.127974,9877.882462,1726.029243,456.407836,9161.864716,0.000000,0.000000,11344.301795,12203.185692,858.883897,14.144087,3.740071,75.077647,0.000000,7.038194,13.808794,12.419857,3.377054,0.080299,4,0.000000,0,0,0,99.500000,4.473823,99.500000,21.182301,1003.719232,9328.374893,0.000000,128.874011,0.0,0.0,0.0,0.0,0.0,0.0,0.0,0.0,0.0,direct_acoustic_priority,16,25000,aloha,batch
23450.000000,pure-acoustic,none,hardware,1,0,0,1,priority,0.000500,180,15,hybrid,0.050000,4000.000000,6.087000,52.000000,500.000000,500.000000,2.000000,120.000000,0.000000,208,135,207,0,207,14,58,135,0,0,0,0,0,0,0,0,0.000000,0.000000,0.000000,clear-ocean,30.000000,60.000000,0.151000,1831,5284935,1355.111538,5.778727,105,32,1,72,0,277,67,3,207,0,0,0,0,0,0,0,0,0,0,0,0,0,0,0,14,59,135,14,58,135,22.419537,14.000454,35.898718,0.000000,1.694915,0.000000,0,0,0,13916.268410,18.146000,174.813795,11612.808615,1710.895961,454.735221,10765.581229,0.000000,0.000000,12931.212410,13916.268410,985.056000,12.294215,3.267652,77.359684,0.000000,7.078449,20.252232,11.773558,3.440832,0.135736,7,0.000000,0,0,0,99.519231,6.006292,99.519231,28.851337,1156.757015,9328.374893,0.000000,128.874011,0.0,0.0,0.0,0.0,0.0,0.0,0.0,3.0,0.0,direct_acoustic_priority,17,25000,aloha,batch
23450.000000,pure-acoustic,none,hardware,1,0,0,1,priority,0.000500,180,15,hybrid,0.050000,4000.000000,6.087000,52.000000,500.000000,500.000000,2.000000,120.000000,0.000000,186,110,186,0,186,19,57,110,0,0,0,0,0,0,0,0,0.000000,0.000000,0.000000,clear-ocean,30.000000,60.000000,0.151000,1516,4099452,1051.141538,4.482480,102,26,0,76,0,234,46,2,186,0,0,0,0,0,0,0,0,0,0,0,0,0,0,0,19,57,110,19,57,110,5.526869,11.635857,25.897401,0.000000,0.000000,0.000000,0,0,0,11275.101821,19.202538,181.076615,8964.322667,1712.037474,459.784452,8328.523588,0.000000,0.000000,10500.345513,11275.101821,774.756308,15.184231,4.077874,73.866504,0.000000,6.871391,15.791561,12.409308,3.259754,0.063241,6,0.000000,0,0,0,100.000000,5.268438,100.000000,19.446067,943.559232,9328.374893,0.000000,128.874011,0.0,0.0,0.0,0.0,0.0,0.0,0.0,3.0,0.0,direct_acoustic_priority,18,25000,aloha,batch
23450.000000,pure-acoustic,none,hardware,1,0,0,1,priority,0.000500,180,15,hybrid,0.050000,4000.000000,6.087000,52.000000,500.000000,500.000000,2.000000,120.000000,0.000000,191,112,190,0,190,27,51,112,0,0,0,0,0,0,0,0,0.000000,0.000000,0.000000,clear-ocean,30.000000,60.000000,0.151000,1687,4555311,1168.028462,4.980932,118,39,1,78,0,254,60,4,190,0,0,0,0,0,0,0,0,0,0,0,0,0,0,0,27,52,112,27,51,112,20.434844,16.323777,40.583079,0.000000,1.923077,0.000000,0,0,0,12271.378462,32.460564,165.739333,9962.678564,1719.770730,452.226298,9260.077229,0.000000,0.000000,11432.074256,12271.378462,839.304205,14.014487,3.685212,75.460774,0.000000,6.839527,18.785049,12.694496,3.558099,0.142132,8,0.000000,0,0,0,99.476440,6.805963,99.476440,31.208201,960.267463,9328.374893,0.000000,128.874011,0.0,0.0,0.0,0.0,0.0,0.0,0.0,2.0,0.0,direct_acoustic_priority,19,25000,aloha,batch
23450.000000,pure-acoustic,none,hardware,1,0,0,1,priority,0.000500,180,15,hybrid,0.050000,4000.000000,6.087000,52.000000,500.000000,500.000000,2.000000,120.000000,0.000000,198,127,198,0,198,17,54,127,0,0,0,0,0,0,0,0,0.000000,0.000000,0.000000,clear-ocean,30.000000,60.000000,0.151000,1837,5401413,1384.977692,5.906088,94,23,0,71,0,282,82,2,198,0,0,0,0,0,0,0,0,0,0,0,0,0,0,0,17,54,127,17,54,127,21.596822,17.660944,47.412752,0.000000,0.000000,0.000000,0,0,0,14185.670897,20.187487,156.983615,11897.999795,1696.390140,455.070606,11023.502459,0.000000,0.000000,13174.963205,14185.670897,1010.707692,11.958477,3.207960,77.708714,0.000000,7.124849,18.554676,11.355875,3.747402,0.188316,8,0.000000,0,0,0,100.000000,5.088601,100.000000,37.082103,1088.242900,9328.374893,0.000000,128.874011,0.0,0.0,0.0,0.0,0.0,0.0,0.0,0.0,0.0,direct_acoustic_priority,20,25000,aloha,batch
23450.000000,contribution,optical,hardware,1,1,1,0,priority,0.000500,180,15,hybrid,0.050000,4000.000000,6.087000,52.000000,500.000000,500.000000,2.000000,120.000000,0.400000,161,108,161,109,161,10,42,0,0,0,0,0,109,109,0,0,0.000000,1.000000,43.302516,clear-ocean,30.000000,60.000000,0.151000,1231,3700263,948.785385,4.045993,53,0,0,53,0,52,0,0,52,0,0,0,0,0,0,145,36,0,109,0,0,0,0,0,10,43,108,10,43,108,2.876443,224.407764,5138.337081,0.000000,0.000000,0.000000,0,0,0,5322720.315653,8.393718,108.392224,8403.037538,1666.390448,435.437990,249.862235,5319646.758110,5312089.992175,2351.690673,10630.323478,721.866872,0.031307,0.008181,0.004694,99.942256,0.013562,13.115184,9.846677,3.112236,23.587591,75,0.423710,15,0,0,100.000000,0.863079,100.000000,3506.948466,925.082473,9328.374893,0.000000,128.874011,0.0,0.0,0.0,0.0,3.0,0.0,0.0,71.0,0.0,hybrid_high_medium,1,25000,aloha,batch
23450.000000,contribution,optical,hardware,1,1,1,0,priority,0.000500,180,15,hybrid,0.050000,4000.000000,6.087000,52.000000,500.000000,500.000000,2.000000,120.000000,0.400000,191,126,191,127,191,20,44,0,0,0,0,0,127,127,0,0,0.000000,1.000000,43.296120,clear-ocean,30.000000,60.000000,0.151000,1442,4333722,1111.210769,4.738639,65,0,0,65,0,64,0,0,64,0,0,0,0,0,0,170,43,0,127,0,0,0,0,0,20,45,126,20,45,126,2.974917,202.282925,6349.623828,0.000000,0.000000,0.000000,0,0,0,5324180.733114,18.694231,101.353480,9860.193231,1667.202371,433.412759,275.206235,5320957.986418,5312089.992175,2375.821365,12090.740940,846.925333,0.031314,0.008140,0.005169,99.939470,0.015907,14.604868,8.798045,3.130220,33.928443,92,0.501834,17,0,0,100.000000,0.722562,100.000000,4236.726871,1078.993603,9328.374893,0.000000,128.874011,0.0,0.0,0.0,0.0,2.0,0.0,0.0,89.0,0.0,hybrid_high_medium,2,25000,aloha,batch
23450.000000,contribution,optical,hardware,1,1,1,0,priority,0.000500,180,15,hybrid,0.050000,4000.000000,6.087000,52.000000,500.000000,500.000000,2.000000,120.000000,0.400000,208,132,208,136,206,18,52,0,0,0,0,0,136,136,0,0,0.000000,1.000000,43.165613,clear-ocean,30.000000,60.000000,0.151000,1549,4531221,1161.851538,4.954591,79,3,0,76,0,70,0,0,70,0,0,0,0,0,0,180,44,0,136,0,2,0,2,0,18,58,132,18,56,132,2.958005,238.702121,6049.884930,0.000000,3.448276,0.000000,0,0,0,5324628.956298,15.480462,144.563356,10268.420308,1684.392627,448.234913,287.605355,5321327.763609,5312089.992175,2420.232896,12538.964123,880.959795,0.031634,0.008418,0.005401,99.938001,0.016545,13.437901,10.083939,3.111643,34.165501,104,0.471258,15,0,0,100.000000,1.310333,99.038462,3941.773658,1131.083326,9328.374893,0.000000,128.874011,0.0,0.0,0.0,0.0,6.0,0.0,0.0,96.0,0.0,hybrid_high_medium,3,25000,aloha,batch
23450.000000,contribution,optical,hardware,1,1,1,0,priority,0.000500,180,15,hybrid,0.050000,4000.000000,6.087000,52.000000,500.000000,500.000000,2.000000,120.000000,0.400000,208,121,208,122,199,24,53,0,0,0,0,0,122,122,0,0,0.000000,1.000000,43.431679,clear-ocean,30.000000,60.000000,0.151000,1523,4355667,1116.837692,4.762634,87,0,0,87,0,77,0,0,77,0,0,0,0,0,0,170,48,0,122,0,9,0,9,0,24,63,121,24,54,121,2.991525,282.914593,6124.733151,0.000000,14.285714,0.000000,0,0,0,5324205.853038,21.293692,140.747993,9843.319179,1689.009268,445.121682,276.623260,5320953.970008,5312089.992175,2410.754211,12115.860863,841.128821,0.031723,0.008360,0.005196,99.938923,0.015798,13.863081,10.181423,3.253990,32.518380,98,0.473603,15,0,0,100.000000,0.742953,95.673077,3801.215557,1037.223028,9328.374893,0.000000,128.874011,0.0,0.0,0.0,0.0,7.0,0.0,0.0,81.0,0.0,hybrid_high_medium,4,25000,aloha,batch
23450.000000,contribution,optical,hardware,1,1,1,0,priority,0.000500,180,15,hybrid,0.050000,4000.000000,6.087000,52.000000,500.000000,500.000000,2.000000,120.000000,0.400000,214,137,214,139,210,21,50,0,0,0,0,0,139,139,0,0,0.000000,1.000000,43.249480,clear-ocean,30.000000,60.000000,0.151000,1529,4429377,1135.737692,4.843231,77,0,0,77,0,72,1,0,71,0,0,0,0,0,0,174,35,0,139,0,4,0,4,0,21,56,137,21,52,137,2.859901,211.559337,6078.542888,0.000000,7.142857,0.000000,0,0,0,5324419.715030,18.850026,138.876011,10061.496821,1686.981448,444.630606,293.756369,5321123.055533,5312089.992175,2425.368422,12329.722856,871.291077,0.031684,0.008351,0.005517,99.938084,0.016364,14.025317,10.432393,2.937663,35.699574,97,0.477868,17,0,0,100.000000,0.862183,98.130841,4018.197710,1173.443412,9328.374893,0.000000,128.874011,0.0,0.0,0.0,0.0,1.0,0.0,0.0,93.0,0.0,hybrid_high_medium,5,25000,aloha,batch
23450.000000,contribution,optical,hardware,1,1,1,0,priority,0.000500,180,15,hybrid,0.050000,4000.000000,6.087000,52.000000,500.000000,500.000000,2.000000,120.000000,0.400000,181,120,181,120,181,16,45,0,0,0,0,0,120,120,0,0,0.000000,1.000000,43.247678,clear-ocean,30.000000,60.000000,0.151000,1435,4336059,1111.810000,4.741194,61,0,0,61,0,61,0,0,61,0,0,0,0,0,0,169,48,1,120,0,0,0,0,0,16,45,120,16,45,120,2.917271,180.605367,5183.663047,0.000000,0.000000,0.000000,0,0,0,5324164.630993,13.754897,109.482385,9840.901538,1671.617550,433.482298,267.549229,5320952.546021,5312089.992175,2372.649077,12074.638819,839.435897,0.031397,0.008142,0.005025,99.939670,0.015767,13.432517,9.503679,3.280301,26.259190,84,0.534712,14,0,0,100.000000,0.774771,100.000000,3481.842450,1027.733561,9328.374893,0.000000,128.874011,0.0,0.0,0.0,0.0,1.0,0.0,0.0,82.0,0.0,hybrid_high_medium,6,25000,aloha,batch
23450.000000,contribution,optical,hardware,1,1,1,0,priority,0.000500,180,15,hybrid,0.050000,4000.000000,6.087000,52.000000,500.000000,500.000000,2.000000,120.000000,0.400000,184,114,184,115,184,21,48,0,0,0,0,0,115,115,0,0,0.000000,1.000000,43.131130,clear-ocean,30.000000,60.000000,0.151000,1431,4214415,1080.619231,4.608184,72,2,0,70,0,69,0,0,69,0,0,0,0,0,0,165,48,2,115,0,0,0,0,0,21,49,114,21,49,114,3.525859,218.580482,5328.155134,0.000000,0.000000,0.000000,0,0,0,5323865.021448,18.734641,114.088788,9531.705846,1675.986704,434.111221,263.669824,5320688.993187,5312089.992175,2373.767750,11775.029273,802.260513,0.031481,0.008154,0.004953,99.940344,0.015069,13.939465,9.095088,3.344458,25.764776,75,0.516546,14,0,0,100.000000,1.121168,100.000000,3359.750934,977.019360,9328.374893,0.000000,128.874011,0.0,0.0,0.0,0.0,3.0,0.0,0.0,71.0,0.0,hybrid_high_medium,7,25000,aloha,batch
23450.000000,contribution,optical,hardware,1,1,1,0,priority,0.000500,180,15,hybrid,0.050000,4000.000000,6.087000,52.000000,500.000000,500.000000,2.000000,120.000000,0.400000,205,130,205,133,204,22,49,0,0,0,0,0,133,133,0,0,0.000000,1.000000,43.417116,clear-ocean,30.000000,60.000000,0.151000,1552,4549176,1166.455385,4.974223,75,0,0,75,0,72,1,0,71,0,0,0,0,0,0,180,47,0,133,0,1,0,1,0,23,52,130,23,51,130,8.791027,224.996684,5816.851288,4.347826,1.923077,0.000000,1,0,0,5324665.540920,22.544812,121.193370,10321.310564,1684.044884,434.025682,284.674312,5321377.007119,5312089.992175,2402.744879,12575.548745,885.788923,0.031627,0.008151,0.005346,99.938240,0.016636,15.315769,9.282580,3.175788,32.155906,94,0.535608,14,0,0,100.000000,0.754858,99.512195,3764.057314,1113.698252,9328.374893,0.000000,128.874011,0.0,0.0,0.0,0.0,2.0,0.0,0.0,91.0,0.0,hybrid_high_medium,8,25000,aloha,batch
23450.000000,contribution,optical,hardware,1,1,1,0,priority,0.000500,180,15,hybrid,0.050000,4000.000000,6.087000,52.000000,500.000000,500.000000,2.000000,120.000000,0.400000,190,126,190,128,190,19,43,0,0,0,0,0,128,128,0,0,0.000000,1.000000,43.200550,clear-ocean,30.000000,60.000000,0.151000,1537,4665753,1196.346923,5.101693,65,1,0,64,0,62,0,0,62,0,0,0,0,0,0,184,56,0,128,0,0,0,0,0,19,45,126,19,45,126,2.795504,203.542418,5944.948218,0.000000,0.000000,0.000000,0,0,0,5324915.168877,16.729974,108.730729,10589.216000,1672.180320,434.061375,274.426317,5321632.927123,5312089.992175,2380.668012,12825.176702,901.573744,0.031403,0.008152,0.005154,99.938361,0.016931,13.758203,9.438431,3.361656,31.666226,89,0.580554,15,0,0,100.000000,0.962141,100.000000,3990.926310,1078.971770,9328.374893,0.000000,128.874011,0.0,0.0,0.0,0.0,1.0,0.0,0.0,88.0,0.0,hybrid_high_medium,9,25000,aloha,batch
23450.000000,contribution,optical,hardware,1,1,1,0,priority,0.000500,180,15,hybrid,0.050000,4000.000000,6.087000,52.000000,500.000000,500.000000,2.000000,120.000000,0.400000,197,125,197,126,197,18,53,0,0,0,0,0,126,126,0,0,0.000000,1.000000,43.207779,clear-ocean,30.000000,60.000000,0.151000,1475,4346979,1114.610000,4.753134,72,0,0,72,0,71,0,0,71,0,0,0,0,0,0,170,44,0,126,0,0,0,0,0,18,54,125,18,54,125,2.954621,192.925722,5633.317139,0.000000,0.000000,0.000000,0,0,0,5324197.496499,14.783923,130.756813,9851.463590,1679.417038,440.538298,279.424081,5320957.183136,5312089.992175,2399.379416,12107.504324,840.933949,0.031543,0.008274,0.005248,99.939140,0.015795,12.833267,9.458682,3.152468,29.895139,90,0.501151,13,0,0,100.000000,0.767550,100.000000,3627.592967,1071.207164,9328.374893,0.000000,128.874011,0.0,0.0,0.0,0.0,4.0,0.0,0.0,86.0,0.0,hybrid_high_medium,10,25000,aloha,batch
23450.000000,contribution,optical,hardware,1,1,1,0,priority,0.000500,180,15,hybrid,0.050000,4000.000000,6.087000,52.000000,500.000000,500.000000,2.000000,120.000000,0.400000,193,110,193,115,190,23,52,0,0,0,0,0,115,115,0,0,0.000000,1.000000,43.206442,clear-ocean,30.000000,60.000000,0.151000,1344,3745704,960.436923,4.095680,84,1,0,83,0,75,0,0,75,0,0,0,0,0,0,150,35,0,115,0,3,0,3,0,23,60,110,23,57,110,2.983094,196.883567,5786.711725,0.000000,5.000000,0.000000,0,0,0,5322823.789163,21.164692,135.514246,8466.618051,1684.651986,442.473682,262.356104,5319702.718263,5312089.992175,2389.481773,10733.796988,731.589128,0.031650,0.008313,0.004929,99.941364,0.013744,14.378188,9.286886,3.078770,27.382729,85,0.355011,14,0,0,100.000000,0.894037,98.445596,3409.627707,943.646567,9328.374893,0.000000,128.874011,0.0,0.0,0.0,0.0,3.0,0.0,0.0,79.0,0.0,hybrid_high_medium,11,25000,aloha,batch
23450.000000,contribution,optical,hardware,1,1,1,0,priority,0.000500,180,15,hybrid,0.050000,4000.000000,6.087000,52.000000,500.000000,500.000000,2.000000,120.000000,0.400000,202,118,202,120,192,15,57,0,0,0,0,0,120,120,0,0,0.000000,1.000000,43.372035,clear-ocean,30.000000,60.000000,0.151000,1504,4335456,1111.655385,4.740535,84,0,0,84,0,72,0,0,72,0,0,0,0,0,0,170,49,1,120,0,10,0,10,0,15,69,118,15,59,118,2.876640,290.779238,6075.097889,0.000000,14.492754,0.000000,0,0,0,5324147.546235,11.661795,160.521704,9774.870564,1691.754807,451.439836,273.501189,5320900.310097,5312089.992175,2416.695832,12057.554061,830.540308,0.031775,0.008479,0.005137,99.939009,0.015599,12.147703,10.627761,3.313515,31.520768,94,0.457313,14,0,0,100.000000,0.803931,95.049505,3823.232685,1011.876844,9328.374893,0.000000,128.874011,0.0,0.0,0.0,0.0,4.0,0.0,0.0,81.0,0.0,hybrid_high_medium,12,25000,aloha,batch
23450.000000,contribution,optical,hardware,1,1,1,0,priority,0.000500,180,15,hybrid,0.050000,4000.000000,6.087000,52.000000,500.000000,500.000000,2.000000,120.000000,0.400000,184,98,184,99,179,26,54,0,0,0,0,0,99,99,0,0,0.000000,1.000000,43.499044,clear-ocean,30.000000,60.000000,0.151000,1255,3345639,857.856154,3.658235,86,0,0,86,0,80,0,0,80,0,0,0,0,0,0,130,31,0,99,0,5,0,5,0,26,60,98,26,55,98,3.104530,238.675318,5019.970042,0.000000,8.333333,0.000000,0,0,0,5321893.897320,24.471821,138.825429,7530.107897,1694.394063,439.783221,250.030029,5318860.663751,5312089.992175,2384.207314,9803.905145,649.026256,0.031838,0.008264,0.004698,99.943005,0.012195,14.706623,9.859761,3.073513,21.470661,75,0.309510,12,0,0,100.000000,0.774155,97.282609,2822.150416,841.191983,9328.374893,0.000000,128.874011,0.0,0.0,0.0,0.0,6.0,0.0,0.0,64.0,0.0,hybrid_high_medium,13,25000,aloha,batch
23450.000000,contribution,optical,hardware,1,1,1,0,priority,0.000500,180,15,hybrid,0.050000,4000.000000,6.087000,52.000000,500.000000,500.000000,2.000000,120.000000,0.400000,225,145,225,146,219,24,49,0,0,0,0,0,146,146,0,0,0.000000,1.000000,43.256649,clear-ocean,30.000000,60.000000,0.151000,1761,5285049,1355.140769,5.778852,80,0,0,80,0,73,0,0,73,0,0,0,0,0,0,207,56,5,146,0,6,0,6,0,24,56,145,24,50,145,2.843733,244.896669,6176.270811,0.000000,10.714286,0.000000,0,0,0,5326362.285602,21.505872,129.976993,12010.310564,1679.788294,446.746298,302.835773,5322925.482623,5312089.992175,2429.370365,14272.293427,1007.432615,0.031537,0.008387,0.005686,99.935476,0.018914,14.001219,10.154453,3.313189,38.309083,107,0.744307,16,0,0,100.000000,0.771135,97.333333,4145.535848,1241.564520,9328.374893,0.000000,128.874011,0.0,0.0,0.0,0.0,2.0,0.0,0.0,101.0,0.0,hybrid_high_medium,14,25000,aloha,batch
23450.000000,contribution,optical,hardware,1,1,1,0,priority,0.000500,180,15,hybrid,0.050000,4000.000000,6.087000,52.000000,500.000000,500.000000,2.000000,120.000000,0.400000,201,122,201,124,193,15,54,0,0,0,0,0,124,124,0,0,0.000000,1.000000,43.315269,clear-ocean,30.000000,60.000000,0.151000,1424,4123344,1057.267692,4.508604,80,1,0,79,0,69,0,0,69,0,0,0,0,0,0,162,37,1,124,0,8,0,8,0,16,63,122,16,55,122,6.121853,294.890276,6711.310670,0.000000,12.698413,0.000000,0,0,0,5323690.467337,14.526556,139.657018,9335.791590,1680.284089,447.785682,276.146742,5320488.157081,5312089.992175,2404.216514,11600.475162,798.093744,0.031562,0.008411,0.005187,99.939848,0.014991,14.186090,9.918822,3.060915,35.601109,103,0.473859,16,0,0,100.000000,0.954044,96.019900,4326.926510,1045.664478,9328.374893,0.000000,128.874011,0.0,0.0,0.0,0.0,4.0,0.0,0.0,92.0,0.0,hybrid_high_medium,15,25000,aloha,batch
23450.000000,contribution,optical,hardware,1,1,1,0,priority,0.000500,180,15,hybrid,0.050000,4000.000000,6.087000,52.000000,500.000000,500.000000,2.000000,120.000000,0.400000,200,117,200,121,198,20,57,0,0,0,0,0,121,121,0,0,0.000000,1.000000,43.130457,clear-ocean,30.000000,60.000000,0.151000,1441,4035177,1034.660769,4.412199,84,1,0,83,0,80,3,0,77,0,0,0,0,0,0,160,38,1,121,0,2,0,2,0,20,63,117,20,61,117,3.570388,262.185527,5962.930107,0.000000,3.174603,0.000000,0,0,0,5323476.374170,15.672179,161.790741,9098.419077,1696.775217,447.479221,274.820124,5320278.298994,5312089.992175,2419.074562,11386.381995,779.000615,0.031873,0.008406,0.005162,99.939925,0.014633,12.243890,10.360575,3.110571,30.086397,85,0.398635,16,0,0,100.000000,0.966262,99.000000,3604.684583,1003.631898,9328.374893,0.000000,128.874011,0.0,0.0,0.0,0.0,2.0,0.0,0.0,80.0,0.0,hybrid_high_medium,16,25000,aloha,batch
23450.000000,contribution,optical,hardware,1,1,1,0,priority,0.000500,180,15,hybrid,0.050000,4000.000000,6.087000,52.000000,500.000000,500.000000,2.000000,120.000000,0.400000,208,135,208,138,207,14,55,0,0,0,0,0,138,138,0,0,0.000000,1.000000,43.299240,clear-ocean,30.000000,60.000000,0.151000,1598,4779966,1225.632308,5.226577,73,0,0,73,0,69,0,0,69,0,0,0,0,0,0,189,49,2,138,0,1,0,1,0,14,59,135,14,58,135,2.958090,261.086968,6980.988389,0.000000,1.694915,0.000000,0,0,0,5325181.536433,13.132923,138.174722,10829.736615,1682.613550,441.271221,291.862605,5321848.260443,5312089.992175,2415.747377,13091.544259,917.528615,0.031597,0.008287,0.005481,99.937405,0.017230,14.657280,9.305948,3.208811,40.220469,113,0.594371,16,0,0,100.000000,0.787861,99.519231,4626.173381,1156.757015,9328.374893,0.000000,128.874011,0.0,0.0,0.0,0.0,3.0,0.0,0.0,108.0,0.0,hybrid_high_medium,17,25000,aloha,batch
23450.000000,contribution,optical,hardware,1,1,1,0,priority,0.000500,180,15,hybrid,0.050000,4000.000000,6.087000,52.000000,500.000000,500.000000,2.000000,120.000000,0.400000,186,110,186,110,180,19,51,0,0,0,0,0,110,110,0,0,0.000000,1.000000,43.230014,clear-ocean,30.000000,60.000000,0.151000,1362,3870738,992.496923,4.232396,76,0,0,76,0,71,1,0,70,0,0,0,0,0,0,150,40,0,110,0,6,0,6,0,19,57,110,19,51,110,2.947922,318.844991,6294.667194,0.000000,10.526316,0.000000,0,0,0,5323100.833147,16.914077,137.459923,8745.966974,1681.823397,447.721682,261.515177,5319958.968585,5312089.992175,2391.060256,11010.840973,750.804308,0.031595,0.008411,0.004913,99.940977,0.014105,13.909603,10.528487,3.180352,30.006098,84,0.423284,14,0,0,100.000000,0.811775,96.774194,3937.391647,943.035224,9328.374893,0.000000,128.874011,0.0,0.0,0.0,0.0,1.0,0.0,0.0,78.0,0.0,hybrid_high_medium,18,25000,aloha,batch
23450.000000,contribution,optical,hardware,1,1,1,0,priority,0.000500,180,15,hybrid,0.050000,4000.000000,6.087000,52.000000,500.000000,500.000000,2.000000,120.000000,0.400000,191,112,191,114,191,27,50,0,0,0,0,0,114,116,2,0,1.724138,0.982759,39.632141,clear-ocean,30.000000,60.000000,0.151000,1441,4073721,1044.543846,4.454345,80,1,0,79,0,77,0,0,77,0,0,0,0,0,0,160,46,0,114,0,0,0,0,0,27,52,112,27,52,112,2.879288,174.042356,5296.282441,0.000000,0.000000,0.000000,0,0,0,5323555.814877,24.057872,129.854575,9201.410256,1687.497089,439.432452,264.299138,5320376.782712,5312089.992175,2391.228679,11465.822702,787.803487,0.031699,0.008254,0.004965,99.940284,0.014798,13.922380,9.754701,3.286218,25.231173,82,0.377100,14,0,0,100.000000,0.935963,100.000000,3153.463752,960.354797,9328.374893,0.000000,128.874011,0.0,0.0,0.0,0.0,4.0,0.0,0.0,78.0,0.0,hybrid_high_medium,19,25000,aloha,batch
23450.000000,contribution,optical,hardware,1,1,1,0,priority,0.000500,180,15,hybrid,0.050000,4000.000000,6.087000,52.000000,500.000000,500.000000,2.000000,120.000000,0.400000,198,127,198,129,198,17,52,0,0,0,0,0,129,129,0,0,0.000000,1.000000,43.482802,clear-ocean,30.000000,60.000000,0.151000,1537,4550481,1166.790000,4.975650,71,0,0,71,0,69,0,0,69,0,0,0,0,0,0,179,49,1,129,0,0,0,0,0,17,54,127,17,54,127,3.045988,213.705413,6531.844929,0.000000,0.000000,0.000000,0,0,0,5324656.212646,16.170564,131.985191,10307.564718,1680.167063,442.452759,281.208266,5321374.376559,5312089.992175,2403.828089,12566.220471,878.008000,0.031554,0.008310,0.005281,99.938365,0.016489,14.862651,9.547540,3.246477,35.263753,94,0.521450,16,0,0,100.000000,0.821603,100.000000,4248.162526,1088.242900,9328.374893,0.000000,128.874011,0.0,0.0,0.0,0.0,2.0,0.0,0.0,91.0,0.0,hybrid_high_medium,20,25000,aloha,batch
