phase,context,policy,candidate_id,n_seeds,mean_mature_low_windows,mean_mature_timely_low_windows,mean_all_received_low_windows,low_timely_percent,high_miss_percent,medium_miss_percent,fixed_submerged_energy_MJ,surface_plus_vehicle_energy_MJ,total_energy_MJ,all_runs_physically_feasible
confirmation,nominal,D-P,D-P-r3,10,1648.0,1648.0,2438.0,100.0,0.28488100330337096,0.9315324113111909,9.433168695355773,0.44171313569230364,9.874881831048077,True
confirmation,nominal,H-S,H-S-r0-a120-q030,10,1648.0,13.8,13.8,0.8373786407767014,1.4215516115091813,4.797724089979654,1.515572382918038,27.57190439960779,29.087476782525826,True
transfer,load,D-P,D-P-r3,5,1648.0,1648.0,2438.0,100.0,0.4307013271950706,2.2809594958832693,9.552749409308452,0.44718134656900865,9.999930755877461,True
transfer,load,H-S,H-S-r0-a120-q030,5,1648.0,13.8,13.8,0.8373786407767003,2.5686632391091795,12.441084742450007,1.6009415209357856,27.577267080510584,29.178208601446368,True
transfer,long,D-P,D-P-r3,5,3090.0,3090.0,4571.0,100.0,0.044642857142857144,0.7544254290189528,18.53366551932752,0.8317576953684451,19.365423214695966,True
transfer,long,H-S,H-S-r0-a120-q030,5,3090.0,8.0,8.0,0.2588996763754037,1.1046607028188602,4.424135822735411,2.8453713549833104,26.501505500128417,29.346876855111727,False
transfer,memory1mb,D-P,D-P-r3,5,1648.0,1648.0,2438.0,100.0,0.08554663936973331,1.0202485031998711,9.432150182962511,0.4417160237522726,9.873866206714784,True
transfer,memory1mb,H-S,H-S-r0-a120-q030,5,1648.0,14.4,14.4,0.873786407766992,1.4758107541471295,4.421681110018689,1.6798956734747863,27.572692595719424,29.25258826919421,True
transfer,perturbed,D-P,D-P-r3,5,1648.0,1648.0,2438.0,100.0,0.08554663936973331,1.0202485031998711,9.432150182962511,0.4417160237522726,9.873866206714784,True
transfer,perturbed,H-S,H-S-r0-a120-q030,5,1648.0,11.6,11.6,0.7038834951456319,1.421422440560175,4.466104462030483,1.507563059736832,27.56937914151957,29.0769422012564,True
transfer,raw32,D-P,D-P-r3,5,1648.0,1648.0,2436.0,100.0,2.623717596741064,5.986030549544373,17.374996254169794,0.7335113943315932,18.108507648501387,True
transfer,raw32,H-S,H-S-r0-a120-q030,5,1648.0,8.6,8.6,0.5218446601941729,1.4222397308368981,4.287587194081112,1.5767463720090562,27.571378936067426,29.14812530807648,True
transfer,sparse,D-P,D-P-r3,5,1648.0,618.0,914.0,37.5,68.01553109868263,69.31540662301985,3.9729937888137727,0.15814434621386164,4.131138135027634,True
transfer,sparse,H-S,H-S-r0-a120-q030,5,1648.0,29.8,29.8,1.8082524271844667,68.2776424362299,70.11481632418449,1.5318752213469258,28.318588802658706,29.850464024005632,True
