design,class,n_runs,conditional_delay_mean_s,conditional_delay_ci95_lower_s,conditional_delay_ci95_upper_s,generated_pooled,delivered_pooled
direct_acoustic,HIGH,20,20.7137546,17.649219585245362,23.77828961475464,391,388
direct_acoustic,MEDIUM,20,19.128587250000002,15.886803542633153,22.370370957366852,1103,1098
direct_acoustic,LOW,20,33.7020445,30.85702503346472,36.54706396653528,2433,2433
direct_acoustic_priority,HIGH,20,14.442499999999999,11.69536424752525,17.189635752474747,391,390
direct_acoustic_priority,MEDIUM,20,13.881895349999999,12.441517727857729,15.322272972142269,1103,1096
direct_acoustic_priority,LOW,20,34.65466395,31.701456652315883,37.607871247684116,2433,2433
hybrid_high_medium,HIGH,20,3.4488299499999995,2.7696442076746663,4.128015692325333,391,391
hybrid_high_medium,MEDIUM,20,233.8253868,214.9261902336111,252.72458336638888,1103,1046
hybrid_high_medium,LOW,20,5924.2065450499995,5673.78021557984,6174.632874520159,2433,2433
