design,metric,n,mean,ci95_lower,ci95_upper
direct_acoustic,pdr,20,99.80024135,99.65984695347574,99.94063574652425
direct_acoustic,highMissRatio,20,1.1834734,-0.2733107337346339,2.640257533734634
direct_acoustic,mediumMissRatio,20,0.4324802,0.06730300204821238,0.7976573979517876
direct_acoustic,avgDelay,20,28.3337939,25.579230458153123,31.088357341846876
direct_acoustic,highAvgDelay,20,20.7137546,17.649219585245362,23.77828961475464
direct_acoustic,mediumAvgDelay,20,19.128587250000002,15.886803542633153,22.370370957366852
direct_acoustic,lowAvgDelay,20,33.7020445,30.85702503346472,36.54706396653528
direct_acoustic,submergedEnergyJ,20,11992.33507825,11490.65307018703,12494.01708631297
direct_acoustic,incrementalMissionEnergyJ,20,12900.5609346,12354.181330277494,13446.940538922507
direct_acoustic,energyConsumedJ,20,12900.5609346,12354.181330277494,13446.940538922507
direct_acoustic,acousticTxBytes,20,4826165.25,4581730.146576147,5070600.353423853
direct_acoustic,acousticTxAirtimePct,20,5.27709285,5.009819191537434,5.5443665084625655
direct_acoustic_priority,pdr,20,99.8044281,99.66811395245442,99.94074224754557
direct_acoustic_priority,highMissRatio,20,0.23809524999999998,-0.2602381082499999,0.7364286082499998
direct_acoustic_priority,mediumMissRatio,20,0.58456685,0.1312422175249628,1.0378914824750372
direct_acoustic_priority,avgDelay,20,26.8797365,24.517852430448677,29.241620569551323
direct_acoustic_priority,highAvgDelay,20,14.442499999999999,11.69536424752525,17.189635752474747
direct_acoustic_priority,mediumAvgDelay,20,13.881895349999999,12.441517727857729,15.322272972142269
direct_acoustic_priority,lowAvgDelay,20,34.65466395,31.701456652315883,37.607871247684116
direct_acoustic_priority,submergedEnergyJ,20,11987.252597449999,11443.285470723036,12531.21972417696
direct_acoustic_priority,incrementalMissionEnergyJ,20,12893.37057705,12301.885109914467,13484.856044185533
direct_acoustic_priority,energyConsumedJ,20,12893.37057705,12301.885109914467,13484.856044185533
direct_acoustic_priority,acousticTxBytes,20,4823800.2,4558695.324150682,5088905.075849318
direct_acoustic_priority,acousticTxAirtimePct,20,5.2745068,4.984632147651611,5.564381452348389
hybrid_high_medium,pdr,20,98.58894715,97.81132702453311,99.36656727546688
hybrid_high_medium,highMissRatio,20,0.2173913,-0.23760869090000003,0.6723912909
hybrid_high_medium,mediumMissRatio,20,4.6717272,2.1802327566888433,7.163221643311157
hybrid_high_medium,avgDelay,20,3791.3190646000003,3588.4537442862766,3994.184384913724
hybrid_high_medium,highAvgDelay,20,3.4488299499999995,2.7696442076746663,4.128015692325333
hybrid_high_medium,mediumAvgDelay,20,233.8253868,214.9261902336111,252.72458336638888
hybrid_high_medium,lowAvgDelay,20,5924.2065450499995,5673.78021557984,6174.632874520159
hybrid_high_medium,submergedEnergyJ,20,2397.8993731,2388.224814301252,2407.573931898748
hybrid_high_medium,incrementalMissionEnergyJ,20,11952.6172653,11494.106472251011,12411.128058348988
hybrid_high_medium,energyConsumedJ,20,5324042.609440001,5323584.098646975,5324501.120233026
hybrid_high_medium,acousticTxBytes,20,4280395.35,4080889.7057643374,4479900.994235662
hybrid_high_medium,acousticTxAirtimePct,20,4.68032945,4.462183181299153,4.898475718700848
