design,generated,delivered,not_delivered,component,count,classification
direct_acoustic,3927,3919,8,upstream_retry_exhausted,5,terminal_loss_or_residual
direct_acoustic,3927,3919,8,deadline_expired,3,terminal_loss_or_residual
direct_acoustic,3927,3919,8,gateway_buffer_drop_or_eviction,0,terminal_loss_or_residual
direct_acoustic,3927,3919,8,gateway_buffered_at_T,0,terminal_loss_or_residual
direct_acoustic,3927,3919,8,auv_buffered_at_T,0,terminal_loss_or_residual
direct_acoustic,3927,3919,8,all_pending_at_T,0,terminal_loss_or_residual
direct_acoustic,3927,3919,8,direct_retry_cycles_exhausted,36,nonterminal_retry_cycle
direct_acoustic,3927,3919,8,auv_surface_contact_cycles_ended,0,nonterminal_retry_cycle
direct_acoustic_priority,3927,3919,8,upstream_retry_exhausted,8,terminal_loss_or_residual
direct_acoustic_priority,3927,3919,8,deadline_expired,0,terminal_loss_or_residual
direct_acoustic_priority,3927,3919,8,gateway_buffer_drop_or_eviction,0,terminal_loss_or_residual
direct_acoustic_priority,3927,3919,8,gateway_buffered_at_T,0,terminal_loss_or_residual
direct_acoustic_priority,3927,3919,8,auv_buffered_at_T,0,terminal_loss_or_residual
direct_acoustic_priority,3927,3919,8,all_pending_at_T,0,terminal_loss_or_residual
direct_acoustic_priority,3927,3919,8,direct_retry_cycles_exhausted,43,nonterminal_retry_cycle
direct_acoustic_priority,3927,3919,8,auv_surface_contact_cycles_ended,0,nonterminal_retry_cycle
hybrid_high_medium,3927,3870,57,upstream_retry_exhausted,0,terminal_loss_or_residual
hybrid_high_medium,3927,3870,57,deadline_expired,57,terminal_loss_or_residual
hybrid_high_medium,3927,3870,57,gateway_buffer_drop_or_eviction,0,terminal_loss_or_residual
hybrid_high_medium,3927,3870,57,gateway_buffered_at_T,0,terminal_loss_or_residual
hybrid_high_medium,3927,3870,57,auv_buffered_at_T,0,terminal_loss_or_residual
hybrid_high_medium,3927,3870,57,all_pending_at_T,0,terminal_loss_or_residual
hybrid_high_medium,3927,3870,57,direct_retry_cycles_exhausted,0,nonterminal_retry_cycle
hybrid_high_medium,3927,3870,57,auv_surface_contact_cycles_ended,14,nonterminal_retry_cycle
