contrast,baseline,alternative,metric,n_pairs,mean_alternative_minus_baseline,ci95_lower,ci95_upper
scheduler_effect,direct_acoustic,direct_acoustic_priority,pdr,20,0.004186750000000216,-0.1964033087870133,0.2047768087870137
scheduler_effect,direct_acoustic,direct_acoustic_priority,highMissRatio,20,-0.94537815,-2.3516774112021435,0.4609211112021434
scheduler_effect,direct_acoustic,direct_acoustic_priority,mediumMissRatio,20,0.15208665,-0.4213305622573512,0.7255038622573512
scheduler_effect,direct_acoustic,direct_acoustic_priority,avgDelay,20,-1.4540574000000002,-3.328632335617131,0.42051753561713046
scheduler_effect,direct_acoustic,direct_acoustic_priority,highAvgDelay,20,-6.271254600000001,-8.497889651848098,-4.044619548151903
scheduler_effect,direct_acoustic,direct_acoustic_priority,mediumAvgDelay,20,-5.2466919,-8.267459465696412,-2.2259243343035893
scheduler_effect,direct_acoustic,direct_acoustic_priority,lowAvgDelay,20,0.9526194500000003,-1.1010714969186606,3.006310396918661
scheduler_effect,direct_acoustic,direct_acoustic_priority,submergedEnergyJ,20,-5.082480800000122,-222.22565204393803,212.06069044393777
scheduler_effect,direct_acoustic,direct_acoustic_priority,incrementalMissionEnergyJ,20,-7.190357549999954,-241.6053386916255,227.22462359162557
scheduler_effect,direct_acoustic,direct_acoustic_priority,energyConsumedJ,20,-7.190357549999954,-241.6053386916255,227.22462359162557
scheduler_effect,direct_acoustic,direct_acoustic_priority,acousticTxBytes,20,-2365.05,-108407.85237839527,103677.75237839526
scheduler_effect,direct_acoustic,direct_acoustic_priority,acousticTxAirtimePct,20,-0.0025860499999999396,-0.11853689536022077,0.1133647953602209
architecture_effect,direct_acoustic_priority,hybrid_high_medium,pdr,20,-1.21548095,-1.9646765131588177,-0.46628538684118204
architecture_effect,direct_acoustic_priority,hybrid_high_medium,highMissRatio,20,-0.02070394999999996,-0.7129673913569722,0.6715594913569723
architecture_effect,direct_acoustic_priority,hybrid_high_medium,mediumMissRatio,20,4.0871603499999996,1.670033580489962,6.504287119510037
architecture_effect,direct_acoustic_priority,hybrid_high_medium,avgDelay,20,3764.4393281,3562.5984118977995,3966.2802443022
architecture_effect,direct_acoustic_priority,hybrid_high_medium,highAvgDelay,20,-10.99367005,-13.929760304398279,-8.057579795601722
architecture_effect,direct_acoustic_priority,hybrid_high_medium,mediumAvgDelay,20,219.94349145,201.08171189650668,238.80527100349335
architecture_effect,direct_acoustic_priority,hybrid_high_medium,lowAvgDelay,20,5889.5518811,5639.9166524292195,6139.187109770781
architecture_effect,direct_acoustic_priority,hybrid_high_medium,submergedEnergyJ,20,-9589.35322435,-10127.457154006783,-9051.249294693216
architecture_effect,direct_acoustic_priority,hybrid_high_medium,incrementalMissionEnergyJ,20,-940.75331175,-1158.1353321683296,-723.3712913316702
architecture_effect,direct_acoustic_priority,hybrid_high_medium,energyConsumedJ,20,5311149.23886295,5310931.856842518,5311366.620883383
architecture_effect,direct_acoustic_priority,hybrid_high_medium,acousticTxBytes,20,-543404.85,-644934.8194005264,-441874.88059947366
architecture_effect,direct_acoustic_priority,hybrid_high_medium,acousticTxAirtimePct,20,-0.59417735,-0.7051936874044411,-0.48316101259555894
historical_total_effect,direct_acoustic,hybrid_high_medium,pdr,20,-1.2112941999999998,-1.9877319068514687,-0.4348564931485309
historical_total_effect,direct_acoustic,hybrid_high_medium,highMissRatio,20,-0.9660821,-2.5306525635549053,0.5984883635549051
historical_total_effect,direct_acoustic,hybrid_high_medium,mediumMissRatio,20,4.239247000000001,1.7909086303702457,6.687585369629756
historical_total_effect,direct_acoustic,hybrid_high_medium,avgDelay,20,3762.9852707,3561.216128317664,3964.754413082336
historical_total_effect,direct_acoustic,hybrid_high_medium,highAvgDelay,20,-17.26492465,-20.423010910983894,-14.106838389016106
historical_total_effect,direct_acoustic,hybrid_high_medium,mediumAvgDelay,20,214.69679955,194.8124181773692,234.5811809226308
historical_total_effect,direct_acoustic,hybrid_high_medium,lowAvgDelay,20,5890.50450055,5640.901432853477,6140.1075682465225
historical_total_effect,direct_acoustic,hybrid_high_medium,submergedEnergyJ,20,-9594.435705150001,-10091.251460993795,-9097.619949306207
historical_total_effect,direct_acoustic,hybrid_high_medium,incrementalMissionEnergyJ,20,-947.9436693,-1133.3995537052047,-762.4877848947955
historical_total_effect,direct_acoustic,hybrid_high_medium,energyConsumedJ,20,5311142.0485054,5310956.59262103,5311327.50438977
historical_total_effect,direct_acoustic,hybrid_high_medium,acousticTxBytes,20,-545769.9,-631296.8754124385,-460242.9245875616
historical_total_effect,direct_acoustic,hybrid_high_medium,acousticTxAirtimePct,20,-0.5967633999999999,-0.6902814760395992,-0.5032453239604007
